id,nombre,apellido,genero,email,seccion,matematicas,sociales,biologia,EF,artes
1,Fidelia,Congram,Female,fcongram0@pinterest.com,C,11,12,18,2,17
2,Amie,Shaw,Female,ashaw1@nasa.gov,B,3,4,3,6,10
3,Jammal,Peret,Male,jperet2@mapy.cz,E,5,6,12,12,11
4,Aubrie,Kirvell,Female,akirvell3@oracle.com,F,3,9,3,15,7
5,Winona,Padula,Female,wpadula4@vkontakte.ru,F,14,7,16,10,2
6,Cesaro,Lamplugh,Non-binary,clamplugh5@skyrock.com,D,12,19,6,7,19
7,Ashien,Noades,Non-binary,anoades6@mapquest.com,F,15,4,14,9,7
8,Lucien,Jeffries,Bigender,ljeffries7@deliciousdays.com,C,7,18,10,16,10
9,Sharyl,Canete,Female,scanete8@sphinn.com,C,15,7,11,17,2
10,Bibbye,Izzatt,Female,bizzatt9@sbwire.com,E,19,5,8,18,12
11,Stinky,de la Valette Parisot,Male,sdelavaletteparisota@amazon.de,A,6,20,19,13,15
12,Stearne,Logg,Male,sloggb@nifty.com,C,16,16,15,13,7
13,Powell,Chesshire,Male,pchesshirec@eventbrite.com,E,2,2,18,12,5
14,Alvy,Shere,Male,ashered@desdev.cn,F,17,11,5,14,17
15,Cyndie,Clinch,Female,cclinche@kickstarter.com,E,10,9,19,14,18
16,Jeannie,Deam,Female,jdeamf@yale.edu,D,9,10,1,16,17
17,Johnette,Salterne,Female,jsalterneg@mit.edu,B,20,20,15,15,11
18,Angelique,Wardell,Female,awardellh@sbwire.com,D,18,10,4,2,12
19,Ellswerth,Sumbler,Male,esumbleri@about.me,A,18,13,2,7,17
20,Cheri,Houseago,Female,chouseagoj@narod.ru,A,17,15,5,7,1
21,Ofella,Poad,Female,opoadk@reddit.com,E,10,9,5,4,7
22,Bambi,Hemmingway,Female,bhemmingwayl@theglobeandmail.com,A,15,13,4,18,3
23,Piper,Snoddy,Female,psnoddym@blogtalkradio.com,C,18,20,9,11,14
24,Mavis,Hickinbottom,Female,mhickinbottomn@state.tx.us,F,16,13,8,18,10
25,Charleen,Patrickson,Female,cpatricksono@epa.gov,D,4,1,6,16,7
26,Crichton,Reuven,Male,creuvenp@nytimes.com,E,11,20,13,5,2
27,Ferguson,Rentz,Male,frentzq@plala.or.jp,C,12,6,4,7,17
28,Waldon,Rathbone,Male,wrathboner@usa.gov,D,16,10,18,15,9
29,Tyson,Wear,Male,twears@bloglovin.com,E,1,5,18,7,12
30,Filide,Tourmell,Female,ftourmellt@loc.gov,B,5,11,10,20,20
31,Thoma,Goring,Male,tgoringu@ow.ly,B,18,6,20,19,14
32,Petey,Brydell,Male,pbrydellv@prweb.com,B,3,1,10,17,19
33,Barn,Kinghorne,Male,bkinghornew@wsj.com,D,15,19,2,4,17
34,Ailyn,Bessent,Genderqueer,abessentx@upenn.edu,C,6,16,17,16,3
35,Sheffield,Lapthorne,Male,slapthorney@usda.gov,D,10,15,1,13,9
36,Ollie,Belasco,Female,obelascoz@fotki.com,D,18,12,7,9,11
37,Cello,Thursby,Male,cthursby10@dyndns.org,B,16,2,7,13,9
38,Hildagard,Coyte,Female,hcoyte11@csmonitor.com,D,19,9,15,15,8
39,Fax,Bellie,Male,fbellie12@mit.edu,B,20,20,15,17,10
40,Tito,Tackes,Male,ttackes13@hostgator.com,F,14,12,16,20,4
41,Koo,Breukelman,Female,kbreukelman14@discuz.net,F,13,9,17,15,11
42,Nolana,Kullmann,Female,nkullmann15@marketwatch.com,F,8,11,6,16,2
43,Audry,Clausewitz,Female,aclausewitz16@dyndns.org,F,8,15,10,1,20
44,Lizabeth,Flaunier,Female,lflaunier17@arizona.edu,E,9,14,6,4,11
45,Hamel,Andrejevic,Male,handrejevic18@rambler.ru,C,2,10,15,18,6
46,Fredelia,Cabel,Female,fcabel19@si.edu,D,20,4,16,4,19
47,Juan,Dodgson,Male,jdodgson1a@amazon.co.jp,A,13,12,20,13,19
48,Llywellyn,Varndall,Male,lvarndall1b@ucoz.ru,B,2,20,2,3,18
49,Jocko,Halvosen,Genderqueer,jhalvosen1c@discovery.com,C,15,8,2,17,16
50,Mommy,Daville,Female,mdaville1d@geocities.jp,C,5,4,1,5,18
51,Vincenz,Wensley,Male,vwensley1e@symantec.com,F,11,17,17,18,4
52,Erda,Ruddick,Agender,eruddick1f@cloudflare.com,D,6,4,13,4,15
53,Marcus,Grimmert,Male,mgrimmert1g@lulu.com,B,1,6,5,5,14
54,Dolph,Minard,Male,dminard1h@tiny.cc,C,17,8,15,16,19
55,Reynolds,Precious,Male,rprecious1i@tiny.cc,F,15,14,17,9,12
56,Aguistin,Goacher,Male,agoacher1j@princeton.edu,C,13,7,19,13,9
57,Neil,Dikes,Male,ndikes1k@washington.edu,D,20,9,9,12,7
58,Dame,Hillan,Male,dhillan1l@github.com,F,13,5,12,9,19
59,Calv,Stambridge,Male,cstambridge1m@blogs.com,E,7,14,15,5,2
60,Jerald,Stubbley,Bigender,jstubbley1n@edublogs.org,A,17,1,1,16,18
61,Jedd,Measey,Male,jmeasey1o@desdev.cn,F,12,11,10,15,10
62,Jere,Ferreiro,Female,jferreiro1p@rediff.com,C,11,17,9,13,16
63,Astrix,Storch,Female,astorch1q@webmd.com,C,13,6,4,10,11
64,Isidoro,Castellani,Non-binary,icastellani1r@bluehost.com,A,8,18,17,13,8
65,Decca,Tudbald,Male,dtudbald1s@vimeo.com,A,4,20,3,15,14
66,Hermann,Townes,Male,htownes1t@google.ca,B,12,3,11,14,14
67,Brandon,Hullot,Male,bhullot1u@nymag.com,D,14,12,6,13,17
68,Orson,Harmstone,Male,oharmstone1v@redcross.org,A,19,10,14,12,13
69,Marcia,Guidotti,Female,mguidotti1w@huffingtonpost.com,B,14,11,1,3,16
70,Alysia,Standfield,Female,astandfield1x@nbcnews.com,B,4,9,6,13,16
71,Samuel,Engledow,Male,sengledow1y@state.gov,B,14,17,13,20,6
72,Freddy,Tesseyman,Male,ftesseyman1z@cocolog-nifty.com,B,3,13,19,17,7
73,Dallas,Sellers,Genderfluid,dsellers20@constantcontact.com,D,3,1,15,2,13
74,Randa,Holberry,Agender,rholberry21@yale.edu,C,14,4,9,11,16
75,Alejandro,Musterd,Male,amusterd22@moonfruit.com,B,19,4,14,4,20
76,Ozzie,Salsberg,Male,osalsberg23@hao123.com,D,9,11,6,9,8
77,Briney,Brenard,Non-binary,bbrenard24@sakura.ne.jp,E,9,19,7,16,7
78,Elyse,Kenwrick,Female,ekenwrick25@php.net,C,7,15,16,1,2
79,Zarla,Rigate,Female,zrigate26@bravesites.com,C,5,13,8,16,11
80,Jeremie,Seabert,Male,jseabert27@wordpress.org,D,16,15,10,15,4
81,Randell,Mealham,Male,rmealham28@upenn.edu,C,17,8,16,9,19
82,Tynan,Fossord,Male,tfossord29@instagram.com,B,19,18,10,17,1
83,Baldwin,Edgar,Genderqueer,bedgar2a@yahoo.co.jp,D,20,11,5,10,17
84,Lloyd,Guilfoyle,Male,lguilfoyle2b@nps.gov,F,4,1,17,3,17
85,Hiram,Glader,Male,hglader2c@multiply.com,B,8,10,17,3,20
86,Merrile,Gaither,Female,mgaither2d@printfriendly.com,B,13,18,9,1,19
87,Uta,Grangier,Female,ugrangier2e@ask.com,B,18,13,6,15,14
88,Bond,Barnicott,Male,bbarnicott2f@wp.com,B,7,8,19,20,3
89,Rycca,Boyford,Female,rboyford2g@multiply.com,E,4,2,19,2,17
90,Cicily,Antonutti,Polygender,cantonutti2h@nature.com,C,5,16,13,10,14
91,Kylie,McGuffog,Male,kmcguffog2i@webeden.co.uk,F,2,18,11,14,19
92,Connie,Sarjeant,Male,csarjeant2j@apple.com,E,4,20,17,19,18
93,Walliw,Grenville,Female,wgrenville2k@example.com,E,17,15,18,12,4
94,Gabriel,Gatward,Male,ggatward2l@4shared.com,F,19,6,20,11,2
95,Caroljean,Bercher,Female,cbercher2m@arizona.edu,C,11,9,7,11,14
96,Marybelle,Hansmann,Female,mhansmann2n@paginegialle.it,C,18,20,17,8,9
97,Stacie,Pollins,Female,spollins2o@nba.com,B,14,1,8,7,20
98,Helaina,Whitten,Female,hwhitten2p@noaa.gov,A,8,7,2,13,18
99,Michelina,Ellum,Female,mellum2q@hud.gov,E,13,13,12,2,11
100,Kerwin,Schrei,Bigender,kschrei2r@nbcnews.com,F,19,3,3,2,18
101,Malachi,Charte,Male,mcharte2s@example.com,B,5,15,6,19,19
102,Sorcha,Arblaster,Female,sarblaster2t@sohu.com,A,12,12,20,7,14
103,Tull,Alp,Male,talp2u@springer.com,B,13,9,19,4,17
104,Danita,Shorto,Female,dshorto2v@noaa.gov,D,5,6,14,2,16
105,Teena,Aloshechkin,Female,taloshechkin2w@privacy.gov.au,C,4,19,13,18,9
106,Cort,Realph,Male,crealph2x@tripadvisor.com,B,3,4,15,4,20
107,Lexie,Doelle,Female,ldoelle2y@freewebs.com,B,14,9,11,18,18
108,Rochette,Burger,Female,rburger2z@linkedin.com,C,8,13,2,5,4
109,Berty,Dobson,Genderqueer,bdobson30@phoca.cz,E,10,7,4,1,20
110,Ambrose,Nouch,Male,anouch31@nationalgeographic.com,B,20,18,9,15,14
111,Oby,Mitroshinov,Male,omitroshinov32@ovh.net,B,16,1,5,3,8
112,Andrea,Duckhouse,Male,aduckhouse33@simplemachines.org,A,11,2,16,5,5
113,Elisha,Tripney,Bigender,etripney34@hao123.com,A,9,12,9,9,1
114,Valentine,Lambal,Male,vlambal35@about.com,B,14,9,10,7,2
115,Mimi,Dougal,Female,mdougal36@springer.com,B,7,6,5,3,15
116,Gannon,Ten Broek,Male,gtenbroek37@nps.gov,C,6,7,13,20,9
117,Vidovic,Bendtsen,Male,vbendtsen38@freewebs.com,D,12,2,16,2,6
118,Sansone,Lengthorn,Male,slengthorn39@wiley.com,D,17,7,20,1,14
119,Hogan,Rounsefull,Male,hrounsefull3a@yolasite.com,A,14,18,7,7,18
120,Filberte,Clutten,Male,fclutten3b@dmoz.org,E,3,6,16,9,16
121,Dimitry,Brasier,Male,dbrasier3c@un.org,B,12,3,20,9,10
122,Zea,Kleisel,Female,zkleisel3d@time.com,D,17,4,11,11,14
123,Brooks,Preon,Female,bpreon3e@blogtalkradio.com,C,8,17,4,4,17
124,Anallise,Ogilvy,Female,aogilvy3f@surveymonkey.com,F,1,18,18,5,14
125,Antoni,Favey,Male,afavey3g@pen.io,B,15,17,12,14,14
126,Norine,McClure,Female,nmcclure3h@over-blog.com,B,13,1,5,11,20
127,Robinetta,Vosse,Female,rvosse3i@ezinearticles.com,C,4,8,13,9,4
128,Obie,Jerdon,Male,ojerdon3j@flavors.me,F,13,14,5,6,8
129,Catie,Houndsom,Female,choundsom3k@umich.edu,C,3,15,3,13,5
130,Wilona,Swigg,Female,wswigg3l@delicious.com,B,4,5,7,10,6
131,Silvano,Fortescue,Male,sfortescue3m@nba.com,B,8,8,19,12,11
132,Courtnay,Nieass,Female,cnieass3n@guardian.co.uk,F,2,16,14,2,13
133,Charley,Sheach,Polygender,csheach3o@csmonitor.com,C,1,16,6,14,5
134,Dannye,Boswood,Female,dboswood3p@printfriendly.com,D,3,3,11,18,12
135,Sky,Wheatland,Male,swheatland3q@businesswire.com,D,5,16,17,3,2
136,Carl,Saban,Male,csaban3r@msu.edu,A,4,16,1,15,11
137,Dilly,Officer,Male,dofficer3s@reuters.com,F,12,15,11,6,20
138,Bradley,Nineham,Male,bnineham3t@liveinternet.ru,D,13,11,18,5,5
139,Tera,Ledstone,Female,tledstone3u@blinklist.com,B,20,3,5,7,1
140,Jennette,Hemstead,Female,jhemstead3v@oakley.com,B,14,4,8,4,20
141,Fredrick,Gownge,Male,fgownge3w@nationalgeographic.com,B,1,5,1,5,6
142,Bertine,Mursell,Female,bmursell3x@mapquest.com,D,6,14,5,4,11
143,Rik,Le Leu,Male,rleleu3y@alibaba.com,C,7,14,11,1,4
144,Lottie,de Banke,Female,ldebanke3z@exblog.jp,A,8,1,13,13,16
145,Findlay,Gouinlock,Male,fgouinlock40@addthis.com,C,15,7,18,12,7
146,Siward,Bartkowiak,Male,sbartkowiak41@multiply.com,C,19,3,17,8,18
147,Giuseppe,Clemits,Male,gclemits42@dmoz.org,A,20,15,20,1,3
148,Lucy,Axelbey,Female,laxelbey43@merriam-webster.com,C,18,13,10,16,20
149,Warner,Kinforth,Male,wkinforth44@sohu.com,A,2,3,5,13,10
150,Wendel,Matkovic,Male,wmatkovic45@msu.edu,C,11,8,6,1,5
151,Chen,Edmand,Male,cedmand46@msu.edu,B,12,4,12,12,3
152,Joni,Aviss,Female,javiss47@altervista.org,F,5,15,12,16,5
153,Delphinia,Somes,Female,dsomes48@usgs.gov,C,1,14,7,5,2
154,Annadiana,Yanshonok,Female,ayanshonok49@nasa.gov,D,8,20,12,12,20
155,Nero,Feore,Male,nfeore4a@google.pl,B,8,2,11,20,15
156,Dwight,Colloff,Bigender,dcolloff4b@webeden.co.uk,D,15,11,5,19,3
157,Thomasa,McCook,Female,tmccook4c@imdb.com,F,8,7,12,3,11
158,Arlen,McDool,Male,amcdool4d@eventbrite.com,F,16,14,3,1,7
159,Torr,Bysshe,Male,tbysshe4e@opera.com,C,7,14,18,12,19
160,Marcile,Hanigan,Non-binary,mhanigan4f@scientificamerican.com,D,5,17,12,17,12
161,Florentia,Hembry,Polygender,fhembry4g@sun.com,D,19,8,5,18,12
162,Hakeem,Coulthart,Male,hcoulthart4h@who.int,B,6,18,18,9,1
163,Amabelle,Everix,Genderfluid,aeverix4i@usgs.gov,E,18,19,16,1,7
164,Daron,Andrei,Female,dandrei4j@pen.io,C,16,9,9,14,6
165,Hersh,Thaxton,Male,hthaxton4k@aol.com,B,1,14,16,6,7
166,Rozella,Galland,Female,rgalland4l@guardian.co.uk,D,6,15,14,20,17
167,Amberly,Friedlos,Female,afriedlos4m@bloglines.com,F,16,19,17,4,1
168,Ange,Franklin,Male,afranklin4n@storify.com,F,14,1,1,17,5
169,Clare,Bradie,Male,cbradie4o@sciencedirect.com,B,13,14,7,17,9
170,Kennan,Cartmell,Male,kcartmell4p@typepad.com,F,2,5,8,10,3
171,Wernher,Paolino,Male,wpaolino4q@illinois.edu,F,19,18,3,1,5
172,Ingeberg,Bisiker,Female,ibisiker4r@amazon.co.jp,C,9,12,2,5,6
173,Weidar,Moxstead,Male,wmoxstead4s@japanpost.jp,E,8,12,9,20,4
174,Stevy,Leyban,Male,sleyban4t@icq.com,E,6,18,19,8,17
175,Rabi,Rizzardo,Male,rrizzardo4u@meetup.com,B,3,9,6,11,16
176,Jamaal,Surridge,Male,jsurridge4v@ucoz.ru,D,20,15,9,5,1
177,Felix,Pudsey,Male,fpudsey4w@unblog.fr,E,13,9,17,6,17
178,Arlyne,Medd,Female,amedd4x@uiuc.edu,B,11,10,10,15,16
179,Sharity,Espie,Female,sespie4y@about.com,F,4,8,15,1,5
180,Markos,Venturoli,Male,mventuroli4z@ocn.ne.jp,D,1,2,9,16,6
181,Maribelle,Shrimplin,Polygender,mshrimplin50@bing.com,F,16,11,16,11,5
182,Gage,Rutgers,Male,grutgers51@hexun.com,B,10,3,18,2,3
183,Hurlee,Barrack,Male,hbarrack52@google.com.au,F,12,15,15,10,14
184,Ninnetta,Fothergill,Female,nfothergill53@paypal.com,E,11,12,17,14,9
185,Clarey,Glayzer,Female,cglayzer54@mapy.cz,F,8,5,8,2,13
186,Giselle,McElhinney,Female,gmcelhinney55@oakley.com,C,12,2,19,6,19
187,Sharline,Cattini,Female,scattini56@reuters.com,B,20,20,13,11,17
188,Gino,Perree,Male,gperree57@senate.gov,C,10,20,4,8,3
189,Celestina,Hartup,Female,chartup58@bigcartel.com,C,11,20,11,16,15
190,Jackqueline,Oseland,Female,joseland59@google.ru,A,8,17,6,13,6
191,Edsel,Sweetland,Male,esweetland5a@ucoz.ru,F,2,15,2,13,1
192,Jeannine,Rysdale,Non-binary,jrysdale5b@ask.com,D,1,7,11,15,4
193,Bobbie,Tutsell,Bigender,btutsell5c@dyndns.org,C,17,15,19,11,10
194,Bernete,Sussans,Female,bsussans5d@usgs.gov,C,2,10,4,2,8
195,Homer,Hoonahan,Male,hhoonahan5e@webnode.com,D,12,9,16,5,3
196,Meaghan,Insall,Female,minsall5f@zimbio.com,C,15,7,2,8,5
197,Veriee,Brigham,Female,vbrigham5g@free.fr,B,2,1,3,15,2
198,Teddie,Silveston,Male,tsilveston5h@nyu.edu,D,16,7,8,9,12
199,Annecorinne,Klewi,Female,aklewi5i@unc.edu,B,18,18,11,16,8
200,Law,Garlett,Male,lgarlett5j@cpanel.net,D,5,9,3,17,4
201,Damon,Fernandes,Male,dfernandes5k@hibu.com,C,2,3,17,13,4
202,Gerri,Caverhill,Male,gcaverhill5l@hostgator.com,E,16,11,17,14,1
203,Tilda,Ibotson,Female,tibotson5m@gmpg.org,B,7,17,20,6,9
204,Ellerey,Gozney,Bigender,egozney5n@amazon.co.jp,D,8,19,10,6,1
205,Harp,Elwill,Male,helwill5o@soundcloud.com,A,6,10,1,13,8
206,Zorana,Cleal,Female,zcleal5p@artisteer.com,A,2,12,19,17,12
207,Marnie,Osgardby,Female,mosgardby5q@uiuc.edu,A,11,1,18,20,1
208,Ronna,Campkin,Female,rcampkin5r@meetup.com,F,1,20,7,10,17
209,Carin,Spykings,Female,cspykings5s@gov.uk,E,9,6,4,17,16
210,Ferdinand,Brightman,Polygender,fbrightman5t@google.it,C,3,19,2,7,10
211,Sofie,Embury,Female,sembury5u@wunderground.com,F,8,8,15,5,1
212,Shurlocke,Glanert,Male,sglanert5v@china.com.cn,B,10,7,10,5,14
213,Kiley,Tassell,Male,ktassell5w@bluehost.com,C,4,4,9,20,2
214,Woodman,Sobey,Non-binary,wsobey5x@narod.ru,D,12,6,16,3,14
215,Merline,Belchambers,Female,mbelchambers5y@de.vu,C,2,14,9,2,20
216,Iain,Opdenorth,Male,iopdenorth5z@rediff.com,E,16,11,10,11,17
217,Joyce,Morriss,Female,jmorriss60@elegantthemes.com,A,1,2,15,16,5
218,Emmalynn,Langworthy,Female,elangworthy61@ucla.edu,F,14,8,20,15,12
219,Urban,Sked,Male,usked62@sun.com,F,1,4,3,17,11
220,Joyann,Bing,Genderqueer,jbing63@dion.ne.jp,A,18,19,20,18,19
221,Harland,Sides,Male,hsides64@barnesandnoble.com,A,19,18,20,8,11
222,Fleur,Seedhouse,Female,fseedhouse65@friendfeed.com,B,6,20,16,19,2
223,Keri,Rapo,Female,krapo66@dropbox.com,A,20,11,17,11,6
224,Didi,Baily,Female,dbaily67@shinystat.com,C,11,15,6,19,17
225,Domenic,McCuaig,Male,dmccuaig68@kickstarter.com,A,18,17,18,7,4
226,Addie,Dadson,Female,adadson69@boston.com,A,9,4,13,8,13
227,Nevsa,Moulsdale,Agender,nmoulsdale6a@addtoany.com,B,2,8,6,5,17
228,Tanny,Jirak,Male,tjirak6b@artisteer.com,B,15,15,3,9,8
229,Ben,Chimienti,Male,bchimienti6c@wp.com,C,3,15,11,7,6
230,Stormy,Fotheringham,Female,sfotheringham6d@ftc.gov,D,13,15,11,18,14
231,Lisa,Stanbury,Female,lstanbury6e@mlb.com,B,1,5,14,9,1
232,Felicle,Gudgin,Female,fgudgin6f@reverbnation.com,D,13,5,13,16,18
233,Myrwyn,Eschelle,Male,meschelle6g@ucsd.edu,A,3,13,9,4,1
234,Sheridan,Meconi,Male,smeconi6h@va.gov,B,16,5,18,10,5
235,Clovis,Leggs,Genderfluid,cleggs6i@people.com.cn,A,8,11,5,2,14
236,Lorianna,Merrill,Female,lmerrill6j@histats.com,C,20,19,20,20,2
237,Bendicty,Fieller,Male,bfieller6k@discuz.net,E,7,12,6,5,9
238,Sandie,Sabben,Female,ssabben6l@xinhuanet.com,D,10,5,10,3,17
239,Osborne,Carvill,Male,ocarvill6m@hp.com,D,12,16,15,20,10
240,Cy,Ruddock,Male,cruddock6n@blogger.com,B,20,18,18,13,15
241,Sammy,Alejo,Male,salejo6o@netvibes.com,B,12,2,9,13,15
242,Caren,Joao,Female,cjoao6p@barnesandnoble.com,F,1,5,4,1,18
243,Roby,Winfindale,Female,rwinfindale6q@cyberchimps.com,D,16,9,11,11,19
244,Stacy,Fawkes,Female,sfawkes6r@xrea.com,B,16,20,7,8,4
245,Kore,Diamond,Female,kdiamond6s@hp.com,D,15,18,7,13,11
246,Stacee,Elgie,Female,selgie6t@w3.org,B,8,1,11,19,19
247,Abby,Hearnshaw,Male,ahearnshaw6u@paginegialle.it,E,2,15,1,14,13
248,Barth,Dunbar,Male,bdunbar6v@tiny.cc,B,2,2,15,4,1
249,Millard,Antuoni,Male,mantuoni6w@latimes.com,A,11,8,9,14,12
250,Smitty,Dolden,Male,sdolden6x@photobucket.com,B,19,19,1,1,18
251,Simona,McCartan,Female,smccartan6y@discuz.net,A,10,15,15,1,1
252,Melisse,Cohan,Female,mcohan6z@europa.eu,D,19,18,1,9,4
253,Austine,Wark,Female,awark70@economist.com,B,8,16,8,15,5
254,Everett,Alyoshin,Male,ealyoshin71@posterous.com,D,10,19,12,19,7
255,Brigid,Moses,Female,bmoses72@devhub.com,A,17,14,10,2,20
256,Lefty,Titterrell,Male,ltitterrell73@japanpost.jp,A,12,7,1,14,16
257,Lane,Esp,Female,lesp74@vinaora.com,D,17,1,4,10,19
258,Florentia,Seyfart,Female,fseyfart75@vk.com,A,12,16,3,12,14
259,Bowie,Fortnum,Male,bfortnum76@photobucket.com,D,5,5,18,2,17
260,Tyson,Giffin,Male,tgiffin77@tiny.cc,C,9,9,12,9,3
261,Ruthie,Grzegorek,Female,rgrzegorek78@wikia.com,D,10,14,8,19,7
262,Lurline,Vinnick,Female,lvinnick79@e-recht24.de,A,14,18,17,1,18
263,Malcolm,Heiden,Male,mheiden7a@time.com,C,3,6,5,19,10
264,Oren,Hefford,Male,ohefford7b@cnn.com,F,4,19,6,8,9
265,Kori,Ashe,Female,kashe7c@va.gov,B,10,8,6,16,20
266,Lorne,Flemmich,Female,lflemmich7d@1und1.de,F,10,16,14,3,10
267,Beverly,Conaboy,Female,bconaboy7e@guardian.co.uk,A,8,5,3,18,10
268,Natka,Rossborough,Female,nrossborough7f@redcross.org,F,20,14,6,12,19
269,Yvor,Danielot,Male,ydanielot7g@diigo.com,D,4,2,15,16,14
270,Trix,Blitzer,Female,tblitzer7h@aboutads.info,E,5,16,3,9,14
271,Amos,Doers,Male,adoers7i@de.vu,B,1,4,18,1,8
272,Bennie,McCaw,Male,bmccaw7j@who.int,C,3,11,18,9,12
273,Merell,Corbally,Bigender,mcorbally7k@techcrunch.com,F,17,18,15,5,18
274,Lane,Cortese,Non-binary,lcortese7l@pinterest.com,D,10,14,16,18,17
275,Mart,Dallman,Male,mdallman7m@naver.com,B,6,2,11,18,20
276,Wye,Trueman,Male,wtrueman7n@nhs.uk,B,8,1,20,12,13
277,Brit,Taplin,Male,btaplin7o@issuu.com,A,16,10,1,20,5
278,Pacorro,Boynes,Male,pboynes7p@trellian.com,D,3,12,2,16,9
279,Allan,Welburn,Male,awelburn7q@taobao.com,B,17,7,13,15,17
280,Giuditta,Ruddock,Female,gruddock7r@senate.gov,A,12,11,6,7,2
281,Tressa,Orro,Female,torro7s@ucla.edu,B,8,18,19,13,19
282,Tomkin,Glavias,Male,tglavias7t@123-reg.co.uk,C,5,20,9,14,18
283,Polly,Beyer,Female,pbeyer7u@delicious.com,B,7,14,2,1,20
284,Dael,Chippindale,Female,dchippindale7v@wikipedia.org,E,11,5,18,17,5
285,Benedikt,Gorry,Male,bgorry7w@usa.gov,F,6,7,1,17,19
286,Ronnica,Saur,Female,rsaur7x@un.org,B,12,7,11,16,19
287,Luigi,Simonelli,Male,lsimonelli7y@posterous.com,F,19,19,20,15,6
288,Gloriane,Stibbs,Female,gstibbs7z@cpanel.net,A,9,9,5,8,6
289,Eustace,Pitbladdo,Male,epitbladdo80@abc.net.au,B,1,12,20,3,10
290,Maury,Gianninotti,Male,mgianninotti81@boston.com,B,2,20,11,5,5
291,Clotilda,Biffen,Female,cbiffen82@webmd.com,D,2,2,8,9,3
292,Kelly,MacAlister,Female,kmacalister83@tuttocitta.it,E,17,8,13,2,7
293,Irwinn,Brakewell,Male,ibrakewell84@wp.com,D,12,7,2,2,2
294,Titos,Twinborne,Male,ttwinborne85@sphinn.com,C,16,6,12,19,16
295,Fidole,Thacker,Male,fthacker86@hao123.com,A,7,16,16,1,5
296,Marena,Bracer,Female,mbracer87@uiuc.edu,B,9,12,19,10,17
297,Arnuad,Perree,Male,aperree88@whitehouse.gov,D,6,11,5,19,1
298,Clemmie,Bragger,Agender,cbragger89@cdc.gov,B,10,19,10,9,5
299,Gerardo,Hearson,Male,ghearson8a@telegraph.co.uk,D,8,14,5,4,14
300,Tarrance,Alexsandrovich,Male,talexsandrovich8b@miitbeian.gov.cn,B,12,17,11,6,2
301,Joell,Shiels,Female,jshiels8c@psu.edu,C,9,9,3,9,15
302,Carson,McCart,Male,cmccart8d@vistaprint.com,B,17,6,9,18,14
303,Homerus,Evemy,Male,hevemy8e@hp.com,C,6,11,8,1,4
304,Aldous,Pinke,Male,apinke8f@amazon.co.uk,B,4,1,15,11,6
305,Carolee,Lewsy,Female,clewsy8g@ebay.co.uk,C,9,8,1,1,17
306,Leonora,Elstow,Female,lelstow8h@google.pl,A,13,20,12,5,20
307,Eberto,Runnett,Male,erunnett8i@theatlantic.com,E,1,12,10,3,11
308,Enrique,Lindmark,Male,elindmark8j@wikispaces.com,C,20,10,3,9,2
309,Mahmud,Erett,Male,merett8k@reddit.com,B,3,4,13,1,20
310,Stephanus,Norsworthy,Male,snorsworthy8l@shinystat.com,C,9,8,13,2,5
311,Katrina,Nutty,Female,knutty8m@cloudflare.com,C,10,7,15,2,3
312,Aubry,Akenhead,Female,aakenhead8n@bandcamp.com,D,11,4,10,4,19
313,Gifford,Tison,Male,gtison8o@google.com.au,B,5,17,10,3,6
314,Ysabel,Fussie,Female,yfussie8p@netscape.com,D,3,11,20,12,13
315,Addy,Giacubbo,Female,agiacubbo8q@vinaora.com,E,5,11,7,5,5
316,Amalle,Poynser,Female,apoynser8r@wp.com,C,6,8,2,7,19
317,Ambrose,Roffey,Male,aroffey8s@timesonline.co.uk,A,4,10,3,9,9
318,Carmela,Sandy,Female,csandy8t@deliciousdays.com,D,13,4,16,16,10
319,Othelia,Schistl,Polygender,oschistl8u@stumbleupon.com,D,11,11,9,14,20
320,Kassi,Daniaud,Female,kdaniaud8v@liveinternet.ru,D,8,18,13,5,8
321,Rodolfo,Perfect,Male,rperfect8w@howstuffworks.com,D,20,8,17,9,14
322,Perrine,Rodd,Female,prodd8x@hexun.com,F,20,20,11,4,7
323,Myrna,Shurville,Polygender,mshurville8y@google.cn,B,18,16,4,17,15
324,Hal,Shermore,Male,hshermore8z@slideshare.net,B,7,11,2,15,16
325,Hank,Attrey,Male,hattrey90@ca.gov,A,18,14,2,8,3
326,Alissa,Gonsalvez,Genderfluid,agonsalvez91@vimeo.com,C,6,7,1,3,1
327,Francesca,Bulter,Female,fbulter92@webnode.com,F,20,2,5,11,1
328,Minor,Lightman,Male,mlightman93@usgs.gov,D,15,4,3,14,14
329,Ephrem,Fenner,Male,efenner94@mayoclinic.com,B,14,11,11,8,5
330,Starla,Costin,Female,scostin95@vkontakte.ru,C,10,6,8,16,12
331,Flint,Petrello,Male,fpetrello96@ocn.ne.jp,B,3,11,3,7,14
332,Waiter,Daniely,Male,wdaniely97@behance.net,B,8,12,5,14,7
333,Griffy,Jinks,Male,gjinks98@berkeley.edu,B,1,16,15,4,12
334,Glyn,Monelli,Genderqueer,gmonelli99@vistaprint.com,A,19,19,14,14,18
335,Nicolis,Smallthwaite,Male,nsmallthwaite9a@ameblo.jp,C,11,14,11,10,13
336,Elbert,Leman,Male,eleman9b@patch.com,D,6,7,15,19,16
337,Katinka,Missington,Female,kmissington9c@shinystat.com,A,15,4,10,5,7
338,Ediva,Pexton,Female,epexton9d@usa.gov,C,4,9,13,17,13
339,Grata,Christophle,Female,gchristophle9e@a8.net,A,8,12,2,6,4
340,Wash,Tilt,Polygender,wtilt9f@sun.com,B,10,11,17,19,12
341,Kelcie,Putt,Female,kputt9g@youtube.com,D,2,16,8,15,17
342,Catlee,Beavington,Female,cbeavington9h@ezinearticles.com,E,9,10,1,20,20
343,Kenneth,Calveley,Male,kcalveley9i@myspace.com,D,17,12,11,5,3
344,Shep,Trembey,Male,strembey9j@wiley.com,C,13,20,14,12,12
345,Suzi,Pickthall,Female,spickthall9k@simplemachines.org,A,8,6,3,1,8
346,Peri,Bridson,Female,pbridson9l@ox.ac.uk,E,2,1,13,9,14
347,Arlyn,Gladeche,Female,agladeche9m@cbsnews.com,C,7,14,8,16,15
348,Rudolfo,Summerskill,Male,rsummerskill9n@storify.com,D,8,5,18,14,10
349,Charis,Vicarey,Female,cvicarey9o@rediff.com,A,5,3,12,12,8
350,Sada,Jewster,Female,sjewster9p@jugem.jp,C,11,4,8,11,14
351,Clemmy,Karlmann,Female,ckarlmann9q@list-manage.com,A,17,19,20,12,5
352,Willa,Muat,Female,wmuat9r@arizona.edu,B,9,14,5,3,20
353,Billye,Newland,Genderfluid,bnewland9s@hc360.com,C,10,7,7,6,3
354,Zedekiah,Merriton,Male,zmerriton9t@marriott.com,D,3,5,14,14,9
355,Galvin,Dutnell,Male,gdutnell9u@ebay.co.uk,C,18,2,11,19,20
356,Cecelia,Martinon,Female,cmartinon9v@cnet.com,E,17,20,11,9,6
357,Townsend,Ecclestone,Male,tecclestone9w@tmall.com,A,17,19,3,20,12
358,Maybelle,Schaumann,Female,mschaumann9x@last.fm,A,2,10,19,10,9
359,Pammie,Vaulkhard,Female,pvaulkhard9y@youtube.com,A,6,18,15,11,18
360,Myrtice,Giampietro,Female,mgiampietro9z@economist.com,B,1,5,12,9,16
361,Noam,Fidgett,Male,nfidgetta0@unblog.fr,B,1,9,18,17,7
362,Rriocard,Starkey,Male,rstarkeya1@ow.ly,B,10,2,17,19,9
363,Zebadiah,Mollene,Male,zmollenea2@tinyurl.com,D,10,14,13,19,20
364,Mirabella,Hawkin,Female,mhawkina3@symantec.com,C,15,2,9,4,2
365,Gustavus,Agneau,Male,gagneaua4@meetup.com,B,18,18,8,12,8
366,Rourke,Jewar,Male,rjewara5@myspace.com,D,7,2,10,14,13
367,Jessalyn,Scarlan,Female,jscarlana6@japanpost.jp,F,6,18,7,5,10
368,Nikolos,Britney,Male,nbritneya7@biglobe.ne.jp,A,14,12,18,3,18
369,Dallas,Geard,Male,dgearda8@sun.com,D,4,15,6,16,19
370,Traci,Redier,Female,trediera9@nytimes.com,B,15,16,7,2,3
371,Benson,Kynvin,Male,bkynvinaa@epa.gov,A,16,4,14,10,8
372,Sanderson,Roden,Male,srodenab@usgs.gov,B,9,5,5,11,2
373,Jobey,Adlam,Female,jadlamac@ox.ac.uk,C,11,19,15,19,10
374,Sidonnie,Apfelmann,Non-binary,sapfelmannad@unblog.fr,C,3,14,17,5,4
375,Kordula,Baroux,Female,kbarouxae@desdev.cn,B,16,7,13,14,19
376,Garner,Bolliver,Male,gbolliveraf@epa.gov,C,17,17,10,10,20
377,Deanna,Cordingley,Female,dcordingleyag@cnbc.com,C,3,20,17,11,2
378,Sancho,Traher,Male,straherah@weibo.com,A,5,8,15,13,5
379,Fabien,Gaynes,Male,fgaynesai@cpanel.net,C,10,1,7,1,8
380,Dulcinea,Handyside,Female,dhandysideaj@paginegialle.it,E,17,5,20,11,8
381,Nikolai,Apfler,Male,napflerak@amazonaws.com,B,2,15,19,7,20
382,Carrol,Wilkennson,Male,cwilkennsonal@house.gov,B,14,16,19,17,15
383,Burt,Errichiello,Male,berrichielloam@github.io,F,9,13,6,2,6
384,Ado,Bruford,Male,abrufordan@hibu.com,B,12,16,11,13,11
385,Bonita,Ambage,Female,bambageao@mlb.com,F,11,9,12,18,6
386,Valene,Crichten,Female,vcrichtenap@dropbox.com,A,3,15,12,9,6
387,Edna,Pavlitschek,Female,epavlitschekaq@youtube.com,F,15,7,4,9,20
388,Farr,Blundell,Male,fblundellar@reddit.com,D,19,16,20,7,9
389,Harald,Turfrey,Male,hturfreyas@discuz.net,A,2,12,14,16,12
390,Teresita,Medgwick,Female,tmedgwickat@ucla.edu,A,2,11,19,17,16
391,Eamon,Hellens,Male,ehellensau@seattletimes.com,A,9,13,18,10,3
392,Penrod,Ornillos,Male,pornillosav@friendfeed.com,A,7,19,18,14,19
393,Glory,Clayborn,Female,gclaybornaw@a8.net,D,3,20,20,20,18
394,Faulkner,Pargent,Male,fpargentax@bravesites.com,C,9,9,15,13,12
395,Andra,Cavil,Female,acavilay@jimdo.com,B,1,4,17,8,7
396,Kacey,Rosita,Female,krositaaz@edublogs.org,D,15,10,15,5,15
397,Rusty,Kiera,Male,rkierab0@narod.ru,D,20,7,14,15,4
398,Cynthia,Crippin,Female,ccrippinb1@oakley.com,B,2,19,18,15,20
399,Auberon,Tunniclisse,Male,atunniclisseb2@gmpg.org,D,19,5,19,2,5
400,Gualterio,Petersen,Male,gpetersenb3@harvard.edu,B,17,9,2,3,12
401,Modesty,Durning,Female,mdurningb4@answers.com,D,8,18,17,6,13
402,Teriann,Armit,Female,tarmitb5@amazonaws.com,D,19,12,11,18,10
403,My,Gair,Male,mgairb6@loc.gov,F,12,17,4,15,17
404,Wilek,Philipet,Male,wphilipetb7@bing.com,E,11,18,12,5,2
405,Constantine,Bastard,Male,cbastardb8@whitehouse.gov,E,4,2,18,8,13
406,Natal,Ludlow,Male,nludlowb9@linkedin.com,A,12,18,10,10,16
407,Arlyne,L'Episcopi,Female,alepiscopiba@live.com,A,4,16,20,11,14
408,Barton,Gwillyam,Male,bgwillyambb@sohu.com,C,17,18,4,4,2
409,Thomasa,Killick,Female,tkillickbc@booking.com,B,18,19,15,10,12
410,Karlens,Kenealy,Male,kkenealybd@blinklist.com,A,2,11,16,11,16
411,Hillard,Clarkin,Male,hclarkinbe@bluehost.com,F,12,6,15,10,5
412,Phyllida,Benjefield,Female,pbenjefieldbf@answers.com,E,16,6,7,2,9
413,Raff,Beddall,Male,rbeddallbg@microsoft.com,C,15,6,15,19,18
414,Kate,Matfield,Female,kmatfieldbh@goo.ne.jp,B,11,16,3,14,5
415,Tabbatha,Addlestone,Female,taddlestonebi@google.com,C,13,2,12,20,16
416,Anet,Moehle,Female,amoehlebj@lycos.com,C,8,13,6,9,18
417,Claus,Rollin,Male,crollinbk@printfriendly.com,B,17,11,3,19,9
418,Javier,Formie,Male,jformiebl@soup.io,B,5,15,6,12,14
419,Burtie,Prantoni,Male,bprantonibm@over-blog.com,D,18,3,6,19,10
420,Zuzana,Stoneley,Female,zstoneleybn@foxnews.com,E,13,20,4,18,7
421,Marieann,Eddins,Female,meddinsbo@wikispaces.com,F,16,12,1,6,17
422,Allan,Extal,Male,aextalbp@sakura.ne.jp,F,8,3,19,6,7
423,Patricio,Antonat,Male,pantonatbq@prweb.com,E,5,14,9,19,12
424,Toby,MacArd,Female,tmacardbr@wordpress.com,D,14,5,6,8,12
425,Morly,Turpey,Male,mturpeybs@free.fr,C,4,7,16,20,18
426,Ellswerth,FitzGilbert,Male,efitzgilbertbt@imageshack.us,C,7,14,1,16,8
427,Yolane,Scrigmour,Female,yscrigmourbu@paginegialle.it,D,18,12,16,7,6
428,Daveta,Caswall,Bigender,dcaswallbv@issuu.com,C,5,12,16,8,17
429,Beverlie,Bramsen,Non-binary,bbramsenbw@amazon.co.uk,D,15,14,13,1,8
430,Damon,Upex,Male,dupexbx@vkontakte.ru,D,12,12,12,1,5
431,Caritta,Hanse,Female,chanseby@aol.com,E,8,9,7,12,18
432,Thekla,Topham,Genderqueer,ttophambz@adobe.com,B,11,3,2,7,12
433,Adolpho,Gokes,Male,agokesc0@vk.com,B,5,15,19,3,11
434,Axe,Shelley,Male,ashelleyc1@sohu.com,B,1,10,1,14,19
435,Marjory,Castiello,Female,mcastielloc2@economist.com,D,3,12,7,18,7
436,Georgette,Carbin,Female,gcarbinc3@people.com.cn,F,11,16,4,8,12
437,Kyrstin,MacKain,Female,kmackainc4@reddit.com,D,16,10,9,7,8
438,Hubey,Bentick,Male,hbentickc5@cisco.com,B,7,15,16,1,19
439,Nanice,Baumford,Female,nbaumfordc6@friendfeed.com,B,19,15,10,1,15
440,Gale,Virgoe,Genderqueer,gvirgoec7@amazon.com,B,10,15,11,17,20
441,Mahmoud,Buglar,Male,mbuglarc8@hostgator.com,A,8,15,15,9,13
442,Stacee,Berka,Female,sberkac9@creativecommons.org,B,12,8,16,3,6
443,Max,Woodeson,Male,mwoodesonca@guardian.co.uk,C,1,9,16,12,19
444,Odie,Champe,Male,ochampecb@seesaa.net,B,14,11,20,1,18
445,Robinia,Kief,Female,rkiefcc@ask.com,D,7,4,7,6,8
446,Renata,Andrag,Female,randragcd@psu.edu,C,19,18,10,8,15
447,Whitney,O'Dare,Female,wodarece@ebay.com,D,16,11,13,12,15
448,Pierrette,Pietrzyk,Female,ppietrzykcf@issuu.com,C,15,9,13,1,5
449,Katy,Beaushaw,Female,kbeaushawcg@chron.com,B,20,10,4,12,4
450,Skyler,Elcum,Male,selcumch@wikimedia.org,C,16,17,4,4,19
451,Rey,Wyeld,Female,rwyeldci@yelp.com,D,14,17,6,2,1
452,Anjela,Braunfeld,Agender,abraunfeldcj@imageshack.us,C,19,12,13,16,7
453,Cthrine,Wiersma,Female,cwiersmack@netlog.com,E,9,4,13,1,10
454,Angel,Beaten,Male,abeatencl@sbwire.com,D,17,11,9,9,20
455,Margaretta,Taffrey,Female,mtaffreycm@imageshack.us,B,11,2,12,1,2
456,Bryon,Fitt,Male,bfittcn@google.com.br,C,7,18,7,14,4
457,Gaspard,Jacquest,Male,gjacquestco@virginia.edu,A,9,7,2,5,9
458,Guido,Duggen,Male,gduggencp@nymag.com,F,3,20,14,2,10
459,Whittaker,Yakebowitch,Male,wyakebowitchcq@seattletimes.com,E,3,11,4,13,10
460,Rand,Neward,Male,rnewardcr@chron.com,D,17,20,19,8,12
461,Vasilis,Ramsier,Male,vramsiercs@odnoklassniki.ru,C,10,2,13,20,9
462,Heindrick,Echelle,Male,hechellect@fda.gov,B,16,17,1,17,12
463,Hillier,Jeacocke,Male,hjeacockecu@a8.net,F,13,18,17,19,17
464,Rudiger,Pawlick,Male,rpawlickcv@upenn.edu,E,18,19,3,9,14
465,Conchita,Watkiss,Female,cwatkisscw@vimeo.com,E,3,12,14,7,15
466,Leshia,Senechault,Female,lsenechaultcx@chronoengine.com,B,7,17,7,7,20
467,Aeriela,Geere,Female,ageerecy@paypal.com,D,7,16,3,3,11
468,Hailee,Mayfield,Female,hmayfieldcz@hatena.ne.jp,A,16,6,9,3,17
469,Aggy,Hearse,Female,ahearsed0@so-net.ne.jp,B,1,17,13,17,3
470,Samuele,De Domenici,Male,sdedomenicid1@xrea.com,A,19,14,10,18,19
471,Lavena,Rudyard,Female,lrudyardd2@bing.com,B,20,12,13,17,7
472,Nicolette,Shirlaw,Female,nshirlawd3@google.de,C,17,3,9,7,14
473,Gertie,Klawi,Female,gklawid4@desdev.cn,C,17,15,3,19,8
474,Zollie,Grime,Male,zgrimed5@zdnet.com,F,4,13,7,15,2
475,Allister,Cuesta,Male,acuestad6@tinyurl.com,C,7,19,11,14,20
476,Galvan,Cranna,Male,gcrannad7@typepad.com,C,1,10,13,6,20
477,Hurleigh,Newrick,Bigender,hnewrickd8@walmart.com,A,7,4,3,9,19
478,Leia,Dooley,Female,ldooleyd9@usa.gov,B,10,4,10,9,8
479,Sibbie,Hansford,Genderqueer,shansfordda@boston.com,D,10,18,19,16,4
480,Tawsha,Ubsdall,Female,tubsdalldb@senate.gov,F,16,5,13,18,1
481,Gene,Anney,Male,ganneydc@wisc.edu,D,12,17,9,18,20
482,Logan,Dorkens,Male,ldorkensdd@bing.com,B,3,14,6,11,14
483,Sada,Trevethan,Female,strevethande@addthis.com,D,1,4,11,3,15
484,Orland,Duplan,Male,oduplandf@alexa.com,D,18,13,3,7,13
485,Tasia,Julien,Female,tjuliendg@behance.net,E,4,6,20,13,17
486,Ev,Gierth,Male,egierthdh@tmall.com,A,17,5,15,20,15
487,Wendeline,Penella,Female,wpenelladi@eepurl.com,A,1,1,5,13,3
488,Bar,Grimmer,Male,bgrimmerdj@bizjournals.com,E,6,18,5,11,9
489,Veronica,Eliasson,Female,veliassondk@ft.com,B,5,11,3,2,20
490,Pooh,Iannazzi,Female,piannazzidl@google.nl,A,19,20,12,11,15
491,Brendis,Danzey,Male,bdanzeydm@ning.com,A,6,9,14,13,13
492,Rebekkah,Schowenburg,Female,rschowenburgdn@acquirethisname.com,C,4,14,16,9,18
493,Kane,Corps,Male,kcorpsdo@pbs.org,F,10,20,9,6,11
494,Guglielma,Leirmonth,Female,gleirmonthdp@wiley.com,B,11,16,4,15,4
495,Gavan,Sullivan,Male,gsullivandq@about.me,A,7,19,13,20,10
496,Haskell,Rallinshaw,Male,hrallinshawdr@usnews.com,A,4,3,2,3,18
497,Vinny,Rother,Male,vrotherds@list-manage.com,C,9,7,15,2,1
498,Ellerey,Freear,Male,efreeardt@quantcast.com,A,16,19,18,2,8
499,Benedikt,Charlick,Male,bcharlickdu@foxnews.com,C,5,7,2,5,12
500,Benita,Pail,Female,bpaildv@moonfruit.com,A,4,5,1,19,4
501,Winthrop,Tartt,Polygender,wtarttdw@answers.com,D,15,3,3,11,18
502,Hesther,Wibrow,Female,hwibrowdx@shareasale.com,C,4,18,7,18,20
503,Sig,Pocklington,Male,spocklingtondy@nymag.com,C,5,1,20,17,17
504,Kevan,Arens,Agender,karensdz@npr.org,F,13,1,6,18,1
505,Tab,Dedon,Male,tdedone0@shutterfly.com,A,3,2,3,12,8
506,Normand,Whiskerd,Genderfluid,nwhiskerde1@google.es,C,8,17,12,8,8
507,Augustine,Gridon,Female,agridone2@amazon.com,A,20,5,10,14,8
508,Giraldo,MacCallam,Male,gmaccallame3@mozilla.com,D,12,19,16,13,19
509,Robina,Forcer,Female,rforcere4@aboutads.info,C,18,19,3,19,6
510,Karlene,Bowstead,Female,kbowsteade5@yale.edu,F,9,13,9,10,4
511,Zechariah,McGowan,Male,zmcgowane6@quantcast.com,E,19,8,9,4,12
512,Irvine,Soares,Male,isoarese7@netvibes.com,A,2,8,11,8,7
513,Cordy,Lefeuvre,Female,clefeuvree8@deliciousdays.com,B,19,11,17,8,3
514,Niall,Shakespear,Male,nshakespeare9@digg.com,F,10,12,2,9,14
515,Walt,Kent,Male,wkentea@chicagotribune.com,D,3,11,15,8,12
516,Jessi,Mapston,Female,jmapstoneb@t-online.de,E,18,12,13,5,16
517,Thedric,Pibworth,Male,tpibworthec@ebay.co.uk,A,13,7,9,10,18
518,Blondie,Ridings,Female,bridingsed@nps.gov,A,2,17,2,17,12
519,Helene,Franzel,Female,hfranzelee@google.nl,C,5,11,5,7,13
520,Clive,Murty,Male,cmurtyef@prnewswire.com,C,13,3,16,20,12
521,Quinlan,Fissenden,Male,qfissendeneg@rakuten.co.jp,A,18,20,15,19,10
522,Elsworth,Station,Male,estationeh@google.es,D,20,18,4,20,6
523,Christy,Feldharker,Female,cfeldharkerei@hexun.com,A,6,17,17,3,16
524,Reynard,Lazarus,Male,rlazarusej@booking.com,C,8,9,10,6,17
525,Silvanus,Janeczek,Male,sjaneczekek@fda.gov,D,3,9,16,14,5
526,Janith,Standon,Female,jstandonel@rediff.com,E,17,20,12,18,18
527,Glyn,Teresi,Female,gteresiem@ft.com,D,8,5,18,9,1
528,Stacee,Kos,Female,skosen@yellowpages.com,D,9,12,2,20,4
529,Catarina,Tresvina,Agender,ctresvinaeo@thetimes.co.uk,B,15,14,10,6,5
530,Ingaborg,Kilbane,Female,ikilbaneep@springer.com,B,6,13,6,3,16
531,Nertie,Stegell,Female,nstegelleq@dot.gov,B,9,18,10,10,2
532,Ulla,Berriman,Female,uberrimaner@epa.gov,D,18,2,4,5,7
533,Jeddy,Westby,Male,jwestbyes@pcworld.com,E,15,16,10,11,5
534,Lincoln,Baldacco,Male,lbaldaccoet@census.gov,B,16,15,2,12,12
535,Sayers,Ashard,Male,sashardeu@sciencedirect.com,E,2,7,16,6,7
536,Ardath,Luxon,Polygender,aluxonev@elpais.com,A,12,15,19,7,4
537,Derward,Loveguard,Male,dloveguardew@bandcamp.com,A,18,3,14,10,11
538,Walden,Macallam,Male,wmacallamex@toplist.cz,F,20,5,16,12,4
539,Shani,Opfer,Female,sopferey@t-online.de,F,20,2,19,10,4
540,Ad,Yuryev,Male,ayuryevez@comcast.net,B,15,13,3,13,8
541,Eleanora,Petrichat,Female,epetrichatf0@tinyurl.com,F,9,15,9,2,10
542,Kevina,Broadbent,Female,kbroadbentf1@sohu.com,A,16,14,6,10,17
543,Eb,Sankey,Genderqueer,esankeyf2@unesco.org,E,13,1,15,7,8
544,Carey,Slane,Male,cslanef3@storify.com,B,6,8,12,15,13
545,Hewett,Inwood,Male,hinwoodf4@google.co.uk,C,3,7,9,9,17
546,Nobie,Le Gallo,Male,nlegallof5@berkeley.edu,D,10,8,19,17,14
547,Benjy,Nuttey,Male,bnutteyf6@a8.net,D,16,10,13,17,8
548,Robyn,Astles,Female,rastlesf7@ebay.co.uk,E,15,1,9,17,18
549,Bevan,Pettecrew,Male,bpettecrewf8@dyndns.org,B,13,4,1,15,3
550,Elspeth,Bruyett,Female,ebruyettf9@reference.com,C,18,9,13,6,18
551,Myca,Garken,Male,mgarkenfa@ameblo.jp,A,6,3,8,13,9
552,Faith,Brazener,Female,fbrazenerfb@theguardian.com,C,11,13,12,19,17
553,Perla,Santon,Female,psantonfc@ifeng.com,E,5,2,12,10,20
554,Ardyth,Bleasdille,Female,ableasdillefd@howstuffworks.com,C,8,10,1,6,18
555,Glennis,Gherardelli,Female,ggherardellife@a8.net,D,6,2,13,8,17
556,Barry,Quick,Genderfluid,bquickff@diigo.com,A,9,19,14,2,16
557,Selina,Wolledge,Female,swolledgefg@umn.edu,B,12,1,7,9,4
558,Haleigh,Housley,Male,hhousleyfh@blogtalkradio.com,D,2,13,1,6,1
559,Maximilien,Chatan,Male,mchatanfi@hao123.com,B,10,8,8,7,3
560,Eolande,Lyvon,Female,elyvonfj@latimes.com,B,19,1,20,4,6
561,Jermayne,Gerauld,Male,jgerauldfk@upenn.edu,E,3,2,9,8,18
562,Almeta,Soldi,Bigender,asoldifl@auda.org.au,B,8,11,17,12,9
563,Ben,Faircley,Male,bfaircleyfm@google.com.br,B,18,18,9,11,6
564,Walden,Axford,Male,waxfordfn@live.com,B,5,15,15,2,3
565,Raynell,Di Giorgio,Female,rdigiorgiofo@xing.com,D,19,10,7,4,7
566,Norman,Plumbridge,Male,nplumbridgefp@house.gov,F,5,14,1,8,9
567,Astrid,Cosbee,Female,acosbeefq@weibo.com,F,20,3,20,6,15
568,Cyrillus,Scimonelli,Male,cscimonellifr@scientificamerican.com,C,12,13,20,9,2
569,Siusan,Gurner,Female,sgurnerfs@home.pl,D,10,3,16,15,7
570,Gretta,Challis,Female,gchallisft@cornell.edu,C,19,19,19,13,11
571,Charmain,Boyland,Female,cboylandfu@dell.com,B,13,9,17,5,5
572,Dell,Bolingbroke,Bigender,dbolingbrokefv@ycombinator.com,B,20,10,14,1,20
573,Tiena,Shanley,Female,tshanleyfw@sogou.com,B,2,2,15,5,6
574,Callie,Colls,Female,ccollsfx@soundcloud.com,B,10,11,14,6,2
575,Ronni,Pioch,Female,rpiochfy@blogs.com,F,16,18,10,13,10
576,Marys,Garie,Female,mgariefz@bravesites.com,C,17,6,7,1,3
577,Gherardo,Huguet,Agender,ghuguetg0@unicef.org,C,19,2,17,15,16
578,Celisse,Le Clercq,Female,cleclercqg1@nba.com,C,4,2,17,9,6
579,Franciska,Baskerville,Female,fbaskervilleg2@yelp.com,A,2,16,12,5,5
580,Sunshine,Clemits,Female,sclemitsg3@hibu.com,B,20,10,15,6,3
581,Aime,Harrold,Female,aharroldg4@github.io,F,13,19,15,18,10
582,Trula,Barron,Female,tbarrong5@biglobe.ne.jp,A,6,13,18,3,7
583,Peggi,Mitroshinov,Female,pmitroshinovg6@purevolume.com,F,11,11,13,7,20
584,Emelia,Borchardt,Female,eborchardtg7@gravatar.com,B,9,6,1,13,16
585,Yale,Male,Non-binary,ymaleg8@sohu.com,B,9,14,15,12,8
586,Glynda,Flamank,Female,gflamankg9@aboutads.info,B,18,5,16,16,19
587,Florenza,Allanby,Female,fallanbyga@storify.com,F,17,10,9,9,13
588,Ediva,Duplan,Female,eduplangb@java.com,D,12,3,5,2,5
589,Liz,Madine,Female,lmadinegc@360.cn,E,19,16,8,10,8
590,Corine,Bannard,Genderfluid,cbannardgd@arstechnica.com,A,2,11,6,2,20
591,Lynnelle,Talboy,Female,ltalboyge@histats.com,B,7,18,1,2,8
592,Reynard,Coultas,Male,rcoultasgf@go.com,A,14,11,2,15,7
593,Owen,Zuanelli,Male,ozuanelligg@mlb.com,D,12,6,8,10,10
594,Arlinda,Meeus,Female,ameeusgh@dailymotion.com,A,10,8,9,2,16
595,Dunstan,Semper,Male,dsempergi@yelp.com,F,7,4,10,11,18
596,Symon,Powers,Male,spowersgj@boston.com,B,12,1,10,16,16
597,Leon,Dewey,Male,ldeweygk@mayoclinic.com,B,18,18,19,8,20
598,Martyn,Gumery,Male,mgumerygl@walmart.com,B,6,7,3,13,10
599,Berny,Seccombe,Female,bseccombegm@miibeian.gov.cn,C,6,16,8,11,5
600,Chane,Garley,Male,cgarleygn@jimdo.com,C,4,3,9,13,19
601,Mufi,Heddy,Female,mheddygo@infoseek.co.jp,C,2,8,16,18,4
602,Papagena,McOmish,Female,pmcomishgp@cam.ac.uk,B,19,5,12,10,5
603,Kristoffer,Morcombe,Male,kmorcombegq@drupal.org,F,2,18,10,15,8
604,Bernarr,Howerd,Male,bhowerdgr@bbc.co.uk,C,10,15,9,8,2
605,Erek,Sapseed,Male,esapseedgs@sohu.com,B,13,20,14,7,16
606,Sheridan,McElroy,Male,smcelroygt@yellowpages.com,A,13,9,19,19,13
607,Rudie,Hourahan,Male,rhourahangu@comcast.net,E,7,1,5,15,1
608,Tallie,Stormes,Male,tstormesgv@google.de,C,12,15,15,15,13
609,Kassandra,Steutly,Female,ksteutlygw@answers.com,B,12,17,18,16,8
610,Ellsworth,Schulze,Male,eschulzegx@qq.com,F,7,13,18,10,4
611,Marthena,Etchells,Female,metchellsgy@auda.org.au,F,18,4,4,7,4
612,Lind,Thackeray,Male,lthackeraygz@prnewswire.com,E,9,11,8,20,3
613,Chancey,Plevin,Male,cplevinh0@webs.com,F,4,13,7,8,4
614,Marjory,Langland,Female,mlanglandh1@springer.com,A,10,18,8,19,12
615,Marena,Espadas,Female,mespadash2@amazon.co.uk,B,10,9,10,11,4
616,Ezechiel,Hazeldean,Male,ehazeldeanh3@irs.gov,E,19,20,4,1,18
617,Burr,Wroughton,Male,bwroughtonh4@rakuten.co.jp,B,19,3,20,8,18
618,Herby,Senussi,Male,hsenussih5@businessweek.com,B,2,12,1,2,3
619,Betsey,Truss,Female,btrussh6@tripod.com,A,1,6,20,10,3
620,Kip,Jeppensen,Male,kjeppensenh7@virginia.edu,A,14,15,18,9,6
621,Kipp,Shenley,Female,kshenleyh8@seattletimes.com,A,16,12,1,16,7
622,Earle,Massen,Male,emassenh9@dedecms.com,A,7,1,7,11,7
623,Gunilla,Guild,Female,gguildha@furl.net,B,16,9,4,11,6
624,Celesta,Spencer,Female,cspencerhb@toplist.cz,E,4,13,4,11,3
625,Allison,Chesterton,Polygender,achestertonhc@ox.ac.uk,C,2,12,12,12,4
626,Meggie,Drummer,Female,mdrummerhd@hao123.com,C,16,19,20,17,6
627,Pandora,Athy,Female,pathyhe@gnu.org,C,13,3,11,8,6
628,Tracie,Kyne,Female,tkynehf@chronoengine.com,A,11,7,3,9,10
629,Madelin,Bleesing,Female,mbleesinghg@123-reg.co.uk,A,3,16,5,9,5
630,Constantine,Baldrick,Bigender,cbaldrickhh@constantcontact.com,B,11,2,9,7,6
631,Amos,Lamont,Male,alamonthi@symantec.com,B,14,12,11,14,20
632,Laryssa,McCunn,Female,lmccunnhj@omniture.com,B,5,11,7,6,12
633,Irwin,Pyford,Male,ipyfordhk@1und1.de,C,13,1,17,13,8
634,Margit,Chaplyn,Female,mchaplynhl@prnewswire.com,A,16,19,14,20,14
635,Appolonia,Archer,Female,aarcherhm@shinystat.com,E,1,12,17,2,13
636,Vincent,Murty,Agender,vmurtyhn@infoseek.co.jp,D,13,4,16,4,15
637,Alvis,Claque,Male,aclaqueho@ehow.com,A,15,4,8,20,13
638,Chaddy,Neave,Male,cneavehp@wisc.edu,C,8,9,3,3,1
639,Prudy,Leicester,Female,pleicesterhq@feedburner.com,F,11,7,13,7,14
640,Joly,Shemelt,Non-binary,jshemelthr@free.fr,D,8,10,2,18,14
641,Layney,Cheverell,Female,lcheverellhs@list-manage.com,B,7,14,2,18,12
642,Klara,Kleiner,Female,kkleinerht@livejournal.com,C,6,12,10,8,16
643,Opalina,Guidini,Female,oguidinihu@bravesites.com,F,1,4,3,20,17
644,Mel,Hebblethwaite,Female,mhebblethwaitehv@google.de,D,4,15,15,13,10
645,Charlton,Gisbourn,Male,cgisbournhw@sourceforge.net,E,2,10,9,3,3
646,Husain,Diano,Male,hdianohx@msu.edu,D,2,7,15,6,8
647,Chelsey,Greedier,Female,cgreedierhy@flavors.me,A,13,16,18,12,6
648,Clark,Unworth,Male,cunworthhz@arstechnica.com,D,11,1,14,6,13
649,Henrietta,Minty,Genderqueer,hmintyi0@wikispaces.com,E,19,19,6,20,8
650,Aidan,Signoret,Female,asignoreti1@lulu.com,F,8,4,14,12,13
651,Avictor,Gomme,Male,agommei2@wikia.com,B,1,6,15,11,14
652,Norbert,Gitthouse,Male,ngitthousei3@accuweather.com,C,19,18,10,14,12
653,Lou,Flucker,Male,lfluckeri4@dropbox.com,F,7,13,15,9,13
654,Glory,Avramow,Female,gavramowi5@rediff.com,A,8,8,9,14,10
655,Marilin,Walasik,Female,mwalasiki6@dell.com,F,6,7,13,5,3
656,Lindie,Brandenberg,Female,lbrandenbergi7@time.com,C,16,10,17,12,2
657,Wilmette,Ferrier,Female,wferrieri8@live.com,A,5,13,4,12,5
658,Lorenza,Simmell,Female,lsimmelli9@cloudflare.com,E,16,15,14,2,19
659,Leonid,Rogez,Male,lrogezia@webmd.com,B,2,18,19,13,14
660,Bryant,Itzig,Male,bitzigib@elpais.com,C,19,18,13,10,8
661,Kermie,Dryden,Male,kdrydenic@squarespace.com,C,9,2,18,14,6
662,Geralda,Steane,Female,gsteaneid@statcounter.com,B,11,8,11,9,20
663,Carlo,Priddle,Male,cpriddleie@discovery.com,B,16,5,13,14,1
664,Elonore,Barnsdale,Female,ebarnsdaleif@behance.net,D,16,7,6,18,2
665,Adriaens,Cornejo,Female,acornejoig@walmart.com,B,6,2,19,5,9
666,Sanders,Mattiato,Male,smattiatoih@github.com,B,9,9,8,4,6
667,Stafani,Cornwell,Female,scornwellii@prnewswire.com,C,6,1,12,9,15
668,Si,Choppin,Male,schoppinij@canalblog.com,D,19,19,19,13,15
669,Jerrold,Runacres,Male,jrunacresik@freewebs.com,B,13,13,14,16,4
670,Nadya,Strathdee,Female,nstrathdeeil@quantcast.com,E,5,8,7,8,20
671,Matty,Berrill,Female,mberrillim@free.fr,D,11,11,1,14,2
672,Kiersten,Jewks,Female,kjewksin@hao123.com,F,17,8,9,15,5
673,Connie,Huebner,Male,chuebnerio@cam.ac.uk,A,4,1,12,3,15
674,Torrey,Akenhead,Male,takenheadip@newyorker.com,D,19,5,13,7,18
675,Melody,Corrie,Female,mcorrieiq@cbc.ca,A,18,16,1,12,8
676,Warren,Vivians,Agender,wviviansir@imageshack.us,F,17,7,1,3,4
677,Hermon,Theobalds,Male,htheobaldsis@etsy.com,C,20,10,6,8,4
678,Archambault,Beagrie,Male,abeagrieit@cisco.com,C,19,17,13,19,19
679,Lynnell,Rosbrough,Female,lrosbroughiu@slideshare.net,D,16,8,16,19,19
680,Enid,Sisey,Female,esiseyiv@jugem.jp,A,16,19,7,14,7
681,Jerrilee,Myrtle,Female,jmyrtleiw@telegraph.co.uk,C,7,5,20,10,1
682,Jacintha,Berryman,Female,jberrymanix@foxnews.com,B,7,16,18,15,15
683,Liana,McVie,Female,lmcvieiy@hatena.ne.jp,E,18,16,4,14,18
684,Corney,Wadsworth,Male,cwadsworthiz@bloglovin.com,E,2,15,14,12,15
685,Golda,Rizzardo,Female,grizzardoj0@marketwatch.com,B,8,16,13,2,2
686,Harley,Kewish,Male,hkewishj1@vimeo.com,A,14,16,9,10,20
687,Orran,Assandri,Male,oassandrij2@cbslocal.com,C,6,11,15,5,3
688,Joleen,Van Salzberger,Female,jvansalzbergerj3@cbsnews.com,B,1,1,16,10,7
689,Aileen,Arkin,Female,aarkinj4@google.it,C,3,20,12,13,2
690,Abramo,Melding,Male,ameldingj5@tripod.com,A,3,7,4,11,5
691,Tabbitha,Martinson,Female,tmartinsonj6@livejournal.com,C,3,2,12,13,15
692,Janie,Jaumet,Female,jjaumetj7@stumbleupon.com,B,14,5,20,14,14
693,Ania,Keenor,Female,akeenorj8@goodreads.com,E,3,7,2,6,11
694,Winifred,Monketon,Female,wmonketonj9@irs.gov,E,17,10,6,13,14
695,Jasun,Leinster,Male,jleinsterja@amazon.co.uk,C,19,1,17,2,17
696,Davin,Swanbourne,Male,dswanbournejb@dion.ne.jp,C,12,5,2,12,9
697,Sigismund,Middle,Male,smiddlejc@mlb.com,C,10,18,6,5,8
698,Lazare,Deeves,Male,ldeevesjd@oracle.com,F,1,3,19,18,2
699,Charlotte,Levine,Female,clevineje@yelp.com,D,7,2,13,1,9
700,Teena,Bannell,Female,tbannelljf@google.ca,A,18,7,8,4,18
701,Mervin,Nyles,Male,mnylesjg@liveinternet.ru,D,15,16,17,7,18
702,Sherilyn,Fieldstone,Female,sfieldstonejh@merriam-webster.com,D,5,15,10,10,6
703,Rebeka,Sheraton,Genderfluid,rsheratonji@edublogs.org,B,11,13,7,11,4
704,Matthias,Simoes,Male,msimoesjj@feedburner.com,B,3,3,3,17,20
705,Tomasine,Moxsom,Female,tmoxsomjk@cisco.com,C,20,19,5,5,8
706,Harcourt,Chaikovski,Non-binary,hchaikovskijl@com.com,B,19,16,5,6,11
707,Marian,Abbati,Female,mabbatijm@freewebs.com,B,3,10,9,16,5
708,Mireille,Heath,Female,mheathjn@homestead.com,D,18,20,1,17,19
709,Saloma,Cudbird,Female,scudbirdjo@purevolume.com,A,16,15,9,10,2
710,Elena,Fay,Female,efayjp@dmoz.org,B,20,18,6,4,3
711,Belle,Pughsley,Female,bpughsleyjq@ameblo.jp,D,14,8,5,10,13
712,Mureil,Hayden,Female,mhaydenjr@latimes.com,D,4,8,16,18,3
713,Hieronymus,McAnalley,Male,hmcanalleyjs@sitemeter.com,A,9,2,14,14,2
714,Leeann,Hablot,Female,lhablotjt@rakuten.co.jp,A,20,19,17,8,13
715,Jany,Soff,Female,jsoffju@cpanel.net,F,1,4,4,16,10
716,Vinny,Oats,Female,voatsjv@clickbank.net,A,6,4,12,6,12
717,Lolly,Butts,Bigender,lbuttsjw@nature.com,C,5,17,13,7,9
718,Ali,Huton,Female,ahutonjx@ovh.net,A,20,16,19,13,18
719,Conant,Howchin,Male,chowchinjy@parallels.com,F,2,10,18,8,18
720,Sloane,Robertshaw,Male,srobertshawjz@noaa.gov,E,12,8,16,16,2
721,Emmalynne,Guinnane,Non-binary,eguinnanek0@hc360.com,A,20,8,13,14,11
722,Alfie,Rosenfelt,Female,arosenfeltk1@epa.gov,B,16,7,12,14,9
723,Edsel,Ratchford,Male,eratchfordk2@desdev.cn,A,15,15,12,4,15
724,Bianka,Warriner,Female,bwarrinerk3@goodreads.com,A,5,8,19,3,2
725,Adler,Ferroni,Male,aferronik4@epa.gov,C,19,7,10,6,9
726,Kipp,Cawdron,Male,kcawdronk5@time.com,C,9,1,5,8,17
727,Dillon,Berrow,Male,dberrowk6@e-recht24.de,C,16,1,2,19,18
728,Hamish,Bottini,Male,hbottinik7@slate.com,A,2,11,16,16,13
729,Val,Whiten,Bigender,vwhitenk8@pagesperso-orange.fr,B,14,14,11,15,5
730,Meredith,McDermott-Row,Female,mmcdermottrowk9@typepad.com,F,4,5,16,18,6
731,Tobiah,Hemeret,Male,themeretka@goo.gl,B,4,17,2,10,12
732,Reece,Orpyne,Male,rorpynekb@irs.gov,B,5,14,19,11,10
733,Anni,Langhor,Female,alanghorkc@sohu.com,D,6,13,14,8,6
734,Ax,Kornes,Genderqueer,akorneskd@umich.edu,D,9,9,20,15,13
735,Nickie,Cino,Male,ncinoke@soup.io,C,7,17,16,9,18
736,Stoddard,Baskeyfield,Female,sbaskeyfieldkf@xrea.com,D,14,7,5,3,6
737,Millisent,Draco,Female,mdracokg@phpbb.com,A,4,1,19,14,1
738,Esma,Hewlings,Female,ehewlingskh@qq.com,B,8,18,12,11,13
739,Emmery,McTerry,Male,emcterryki@friendfeed.com,C,10,2,7,4,12
740,Noble,Tumasian,Male,ntumasiankj@census.gov,F,12,10,12,10,4
741,Georgetta,Bassett,Female,gbassettkk@acquirethisname.com,E,8,14,13,10,20
742,Kristan,Stoodley,Female,kstoodleykl@zimbio.com,B,4,12,18,3,2
743,Carmita,Titterington,Female,ctitteringtonkm@etsy.com,B,8,19,8,15,3
744,Tabb,Kinneir,Male,tkinneirkn@1und1.de,B,8,1,19,13,12
745,Clayson,McArley,Male,cmcarleyko@skyrock.com,C,14,3,19,13,3
746,Geri,Ronisch,Male,gronischkp@sogou.com,B,1,16,3,15,3
747,Sanderson,McRobert,Male,smcrobertkq@so-net.ne.jp,B,16,5,13,7,15
748,Neale,Kington,Male,nkingtonkr@sphinn.com,C,6,12,10,1,16
749,Blinni,Longley,Female,blongleyks@bandcamp.com,E,16,16,17,11,14
750,Rodolph,Fanner,Male,rfannerkt@msu.edu,C,19,13,1,2,18
751,Manny,Ayce,Male,mayceku@mashable.com,E,6,6,20,6,10
752,Vania,Quarterman,Female,vquartermankv@zimbio.com,E,1,12,8,12,6
753,Cornall,Pillans,Polygender,cpillanskw@bbb.org,E,13,20,7,19,5
754,Angus,Janowicz,Male,ajanowiczkx@unc.edu,B,8,5,12,7,17
755,Giordano,Churchley,Male,gchurchleyky@quantcast.com,C,5,11,9,2,14
756,Buckie,Langstaff,Male,blangstaffkz@answers.com,C,16,1,6,6,11
757,Sunny,Halifax,Female,shalifaxl0@arizona.edu,D,12,11,8,9,16
758,Sofie,Diamond,Female,sdiamondl1@yellowpages.com,B,17,2,14,17,1
759,Samuele,Moens,Agender,smoensl2@adobe.com,D,10,2,6,17,8
760,Demetre,Randle,Male,drandlel3@goo.gl,A,17,12,8,5,6
761,Carlita,Mullard,Female,cmullardl4@indiegogo.com,E,5,10,19,15,1
762,Ambros,Stern,Male,asternl5@smugmug.com,A,9,12,5,10,18
763,Carmelita,Aitken,Female,caitkenl6@archive.org,B,7,4,1,3,3
764,Lindsey,Gostling,Female,lgostlingl7@wordpress.org,E,9,17,18,5,16
765,Sallee,Skain,Female,sskainl8@fc2.com,B,8,10,17,4,9
766,Rivi,Levings,Female,rlevingsl9@shop-pro.jp,B,9,13,19,4,6
767,Shani,Brando,Female,sbrandola@unblog.fr,E,14,2,13,19,15
768,Mendy,Denisevich,Male,mdenisevichlb@dell.com,C,4,17,9,10,5
769,Conn,Mattingson,Male,cmattingsonlc@msn.com,D,18,17,15,10,14
770,Morgen,Pavinese,Female,mpavineseld@weebly.com,C,10,16,5,1,13
771,Etheline,Tiery,Female,etieryle@list-manage.com,B,17,13,17,1,7
772,Megen,Proffer,Female,mprofferlf@dailymail.co.uk,F,14,17,15,9,4
773,Harlie,Spellar,Non-binary,hspellarlg@blogtalkradio.com,C,15,11,17,2,9
774,Aloise,Dobey,Female,adobeylh@businessweek.com,B,12,5,7,7,9
775,Maisey,Kilfether,Female,mkilfetherli@is.gd,B,17,7,5,11,13
776,Garald,Litherborough,Male,glitherboroughlj@last.fm,B,18,11,11,10,17
777,Vinson,Fernely,Male,vfernelylk@deliciousdays.com,C,18,13,9,17,14
778,Friedrich,Nusche,Male,fnuschell@1und1.de,D,7,7,20,8,19
779,Eadmund,Canet,Male,ecanetlm@cargocollective.com,D,13,4,10,4,9
780,Auroora,Pyett,Female,apyettln@oakley.com,D,12,13,12,1,14
781,Barr,Mikalski,Male,bmikalskilo@wix.com,A,17,5,7,12,4
782,Norrie,Seekings,Bigender,nseekingslp@about.me,E,18,9,12,5,10
783,Branden,Leeburn,Male,bleeburnlq@epa.gov,E,16,17,12,14,18
784,Gorden,Havoc,Bigender,ghavoclr@phpbb.com,F,11,12,15,17,16
785,Carmela,Collar,Female,ccollarls@google.com,A,14,5,15,17,2
786,Natalie,Haverty,Female,nhavertylt@google.co.jp,C,11,5,20,10,16
787,Trescha,Kun,Female,tkunlu@berkeley.edu,E,18,16,2,5,11
788,Daniela,Sponton,Female,dspontonlv@wordpress.org,C,6,14,20,18,4
789,Susann,Sharp,Female,ssharplw@pbs.org,D,12,3,9,20,14
790,Ernst,Frugier,Male,efrugierlx@theglobeandmail.com,A,16,4,8,11,20
791,Gloriane,Gallamore,Female,ggallamorely@topsy.com,D,13,6,19,10,1
792,Rodolph,O'Nowlan,Male,ronowlanlz@prnewswire.com,D,19,5,17,9,1
793,Calla,Keech,Bigender,ckeechm0@biblegateway.com,E,18,19,7,3,13
794,Holli,Rundle,Female,hrundlem1@google.com,E,13,9,3,8,14
795,Clarissa,Happel,Polygender,chappelm2@accuweather.com,C,16,9,17,9,19
796,Sherri,McRannell,Female,smcrannellm3@wiley.com,C,14,10,8,13,15
797,Trenna,Mathwen,Female,tmathwenm4@friendfeed.com,D,11,3,8,20,14
798,Fallon,Swepstone,Genderqueer,fswepstonem5@cdc.gov,B,15,7,2,18,6
799,Ravi,Kiledal,Male,rkiledalm6@barnesandnoble.com,B,1,2,6,18,6
800,Olivie,Vellacott,Female,ovellacottm7@theatlantic.com,F,16,17,12,7,16
801,Ailee,Deelay,Female,adeelaym8@rambler.ru,B,11,14,10,3,14
802,Atlanta,Gaine of England,Female,againeofenglandm9@macromedia.com,D,12,5,8,11,3
803,Lorrie,Prudence,Male,lprudencema@nyu.edu,B,4,8,12,4,19
804,Gunar,Bebis,Male,gbebismb@wikimedia.org,F,3,1,17,17,11
805,Renie,Aldwich,Female,raldwichmc@theglobeandmail.com,A,13,11,14,5,15
806,Andree,Colvill,Female,acolvillmd@prweb.com,E,2,15,4,5,20
807,Timi,Broughton,Female,tbroughtonme@cnbc.com,D,16,2,10,15,18
808,Lettie,Switland,Female,lswitlandmf@latimes.com,A,2,17,11,18,5
809,Rossy,Midgely,Male,rmidgelymg@miibeian.gov.cn,A,2,14,6,17,14
810,Braden,Paske,Male,bpaskemh@amazon.co.jp,B,6,13,8,14,3
811,Gianni,Kores,Male,gkoresmi@sun.com,A,9,15,12,18,20
812,Cissy,Courtin,Female,ccourtinmj@prlog.org,A,12,18,20,16,13
813,Ronalda,Kindell,Female,rkindellmk@gmpg.org,E,1,10,2,4,10
814,Reginald,Corkan,Male,rcorkanml@wikipedia.org,C,13,13,1,11,10
815,Vaughan,Millwater,Male,vmillwatermm@hubpages.com,E,18,13,12,18,7
816,Carolina,Cardenas,Female,ccardenasmn@multiply.com,A,11,14,8,6,4
817,Melantha,Maier,Female,mmaiermo@tinyurl.com,C,13,12,18,7,17
818,Esme,Hardan,Non-binary,ehardanmp@ycombinator.com,E,8,13,11,15,12
819,Enid,Binch,Female,ebinchmq@comsenz.com,B,3,17,3,4,17
820,Dasi,Gonsalo,Polygender,dgonsalomr@cnbc.com,A,13,19,6,13,6
821,Flint,Lafontaine,Male,flafontainems@blogs.com,C,15,12,14,18,15
822,Cortie,Foss,Male,cfossmt@blogger.com,B,13,10,2,10,18
823,Patti,Delaney,Female,pdelaneymu@mozilla.com,D,12,10,20,8,1
824,Rhett,Rennicks,Male,rrennicksmv@plala.or.jp,B,12,12,16,11,6
825,Stanfield,Severns,Male,ssevernsmw@amazon.de,A,10,16,4,5,9
826,Ruby,Semor,Female,rsemormx@com.com,D,4,8,16,16,13
827,Bay,Helsdon,Male,bhelsdonmy@noaa.gov,D,9,14,10,18,11
828,Genna,Drohan,Female,gdrohanmz@netscape.com,A,7,8,20,10,11
829,Carroll,Tumielli,Female,ctumiellin0@state.tx.us,C,8,3,9,3,18
830,Lucienne,Matis,Non-binary,lmatisn1@list-manage.com,E,11,16,2,8,12
831,Vasili,Dibner,Male,vdibnern2@foxnews.com,F,13,2,19,7,12
832,Derrick,Patshull,Male,dpatshulln3@slate.com,A,13,18,10,8,3
833,Hogan,McCreary,Male,hmccrearyn4@wsj.com,C,3,4,5,18,17
834,Lowell,Spinola,Male,lspinolan5@booking.com,D,14,14,7,3,7
835,Saul,Ellam,Male,sellamn6@europa.eu,C,8,19,9,5,4
836,Ezequiel,Mackerel,Male,emackereln7@networksolutions.com,C,19,4,16,3,14
837,Bailie,Wooton,Male,bwootonn8@mozilla.com,B,6,1,6,20,8
838,Gael,Strank,Female,gstrankn9@fotki.com,B,1,4,3,9,10
839,Eduardo,Vischi,Male,evischina@mail.ru,B,15,20,6,14,9
840,Flore,Redshaw,Female,fredshawnb@nymag.com,A,15,14,4,10,11
841,Ernie,Reven,Male,erevennc@123-reg.co.uk,B,10,7,10,14,2
842,Esmaria,MacGeffen,Female,emacgeffennd@springer.com,A,14,7,15,15,8
843,Harrie,Frushard,Female,hfrushardne@archive.org,D,3,8,20,17,17
844,Bibbie,Corneille,Polygender,bcorneillenf@ox.ac.uk,D,3,19,20,2,7
845,Gael,Lilley,Female,glilleyng@oaic.gov.au,B,20,12,3,17,16
846,Domenic,Sinkin,Male,dsinkinnh@cmu.edu,C,3,4,16,7,10
847,Patton,Smewin,Male,psmewinni@ucsd.edu,B,17,12,13,4,8
848,Afton,Winsome,Female,awinsomenj@tinypic.com,C,16,18,14,2,2
849,Karil,Griggs,Female,kgriggsnk@mail.ru,C,7,18,5,10,13
850,Rebekkah,Weathers,Female,rweathersnl@lulu.com,D,4,12,2,3,15
851,Tabbie,Jacqueminot,Female,tjacqueminotnm@prnewswire.com,A,8,7,20,16,17
852,Nappie,Upstone,Male,nupstonenn@prlog.org,D,15,4,12,7,12
853,Gaelan,Canti,Male,gcantino@tiny.cc,B,9,8,19,13,10
854,Carlynn,Gritland,Female,cgritlandnp@statcounter.com,B,4,5,6,2,6
855,Shaw,Maddams,Male,smaddamsnq@hc360.com,B,19,10,11,8,4
856,Ricoriki,Cracoe,Male,rcracoenr@w3.org,C,12,14,6,9,1
857,Farley,Vannini,Male,fvanninins@altervista.org,C,20,2,3,11,13
858,Chip,Latham,Male,clathamnt@studiopress.com,D,18,8,12,8,17
859,Jeddy,Selby,Male,jselbynu@hc360.com,D,5,8,11,10,6
860,Terence,Pepye,Male,tpepyenv@furl.net,B,3,5,5,19,2
861,Tamar,Goldson,Female,tgoldsonnw@studiopress.com,D,5,2,7,6,8
862,Lucia,Gouldstone,Female,lgouldstonenx@reference.com,D,15,1,10,15,4
863,Abagael,Randals,Female,arandalsny@etsy.com,F,2,17,15,17,9
864,Burk,Ledner,Male,blednernz@github.io,E,14,18,3,17,5
865,Pansy,Petrashov,Polygender,ppetrashovo0@prweb.com,B,2,19,8,13,17
866,Gav,Howe,Male,ghoweo1@xrea.com,C,18,11,16,16,18
867,Marcille,Maplethorpe,Female,mmaplethorpeo2@yolasite.com,F,10,8,17,13,18
868,Welbie,Conley,Male,wconleyo3@topsy.com,A,11,5,19,14,3
869,Lezlie,Kem,Female,lkemo4@sina.com.cn,A,13,14,18,12,16
870,Porty,Mattson,Genderqueer,pmattsono5@imdb.com,B,9,6,8,13,7
871,Gale,Frackiewicz,Non-binary,gfrackiewiczo6@dropbox.com,E,9,17,8,3,7
872,Cally,Andrus,Female,candruso7@microsoft.com,D,1,8,5,4,4
873,Morrie,Sedgmond,Male,msedgmondo8@deviantart.com,B,19,9,5,18,20
874,Albie,Giraudo,Male,agiraudoo9@friendfeed.com,D,18,7,20,4,17
875,Shell,Smith,Male,ssmithoa@sfgate.com,D,19,3,17,18,8
876,Derek,Reihm,Male,dreihmob@epa.gov,A,10,1,11,8,10
877,Clea,Simeons,Female,csimeonsoc@amazon.de,D,4,16,6,16,15
878,Lester,Gianotti,Male,lgianottiod@netlog.com,F,18,16,8,4,4
879,Terri,Beaston,Polygender,tbeastonoe@amazon.de,E,19,10,4,2,2
880,Heather,Alam,Female,halamof@mail.ru,C,19,2,20,17,16
881,Wendeline,Ortiga,Non-binary,wortigaog@pen.io,E,9,14,3,19,19
882,Mace,Sutter,Bigender,msutteroh@youtube.com,B,8,14,10,15,3
883,Tatum,Butrimovich,Female,tbutrimovichoi@desdev.cn,C,17,10,11,2,9
884,Kessiah,Durrance,Female,kdurranceoj@nba.com,B,7,3,15,5,16
885,Trudie,Meldon,Female,tmeldonok@sitemeter.com,D,11,1,5,6,6
886,Hester,Thickins,Female,hthickinsol@utexas.edu,B,1,6,3,15,18
887,Abram,Slorach,Male,aslorachom@tinypic.com,B,4,1,3,9,7
888,Rriocard,Larret,Male,rlarreton@forbes.com,B,16,19,4,18,16
889,Carma,Lind,Female,clindoo@etsy.com,B,17,19,20,17,5
890,Luciano,Snazle,Male,lsnazleop@yandex.ru,E,15,17,11,4,15
891,Gearalt,Suggey,Male,gsuggeyoq@youtu.be,C,1,15,2,11,20
892,Scarface,Godding,Male,sgoddingor@odnoklassniki.ru,B,5,15,17,2,9
893,Nappie,Hentzer,Male,nhentzeros@topsy.com,A,18,2,13,1,2
894,Merill,Korneichik,Male,mkorneichikot@redcross.org,D,13,10,14,5,14
895,Dayle,Giovannardi,Female,dgiovannardiou@tripadvisor.com,D,20,5,3,5,6
896,Rudy,Carriage,Agender,rcarriageov@samsung.com,C,1,7,20,12,7
897,Clayborn,Hanbury-Brown,Male,chanburybrownow@soundcloud.com,C,17,6,9,3,3
898,Derrik,Ellesworthe,Male,delleswortheox@businessinsider.com,C,8,20,5,5,2
899,Fletcher,Alejo,Male,falejooy@wsj.com,D,12,10,3,5,19
900,Helga,Burrill,Female,hburrilloz@ucla.edu,C,2,1,3,13,2
901,Gaynor,Wither,Female,gwitherp0@marriott.com,A,2,16,4,20,6
902,Rolfe,Etheredge,Male,retheredgep1@blog.com,E,16,4,8,20,20
903,Rosabella,Dubois,Female,rduboisp2@npr.org,E,4,10,20,19,14
904,Giulio,Parsons,Genderfluid,gparsonsp3@examiner.com,C,5,6,15,15,18
905,Albrecht,Servis,Male,aservisp4@cnn.com,D,17,10,6,19,15
906,Dalston,Treffry,Genderfluid,dtreffryp5@php.net,C,10,5,12,6,20
907,Rona,Casillas,Female,rcasillasp6@nytimes.com,D,12,20,5,7,8
908,Jaime,Pedracci,Female,jpedraccip7@plala.or.jp,C,9,9,4,9,15
909,Abbey,Sherington,Female,asheringtonp8@wired.com,C,3,19,20,19,1
910,Tobe,Hartmann,Female,thartmannp9@archive.org,C,10,15,17,7,18
911,Donalt,Rosle,Male,droslepa@cam.ac.uk,C,12,16,15,12,20
912,Maribeth,De Meyer,Female,mdemeyerpb@so-net.ne.jp,D,15,14,4,1,8
913,Rodrique,Alldis,Male,ralldispc@nature.com,D,16,11,18,17,8
914,Gerrard,Royle,Polygender,groylepd@g.co,B,20,2,20,5,1
915,Theobald,Fresson,Non-binary,tfressonpe@elegantthemes.com,B,5,3,1,5,10
916,Lewiss,Tunbridge,Male,ltunbridgepf@shareasale.com,C,20,11,8,20,9
917,Geoffrey,Gerhold,Male,ggerholdpg@columbia.edu,A,15,10,3,3,14
918,Hyman,Gostling,Male,hgostlingph@meetup.com,E,17,15,2,6,5
919,Kristos,Lewis,Male,klewispi@skyrock.com,C,7,12,16,19,16
920,Fredrika,Caslake,Female,fcaslakepj@nsw.gov.au,D,20,13,17,2,19
921,Edmund,Waymont,Male,ewaymontpk@princeton.edu,A,8,8,7,15,19
922,Cleavland,Ramme,Male,crammepl@toplist.cz,B,4,6,1,4,13
923,Masha,Richings,Female,mrichingspm@mapquest.com,A,18,4,3,6,7
924,Ashlen,Fleischmann,Female,afleischmannpn@booking.com,F,1,1,20,15,8
925,Angel,Mathe,Female,amathepo@google.ca,D,16,12,1,6,3
926,Tiffi,Pengelley,Female,tpengelleypp@odnoklassniki.ru,A,1,14,19,7,19
927,Lea,Jaume,Female,ljaumepq@biblegateway.com,E,3,13,18,9,14
928,Salome,Carlin,Female,scarlinpr@youtu.be,C,11,4,7,9,4
929,Lanna,Longland,Female,llonglandps@chron.com,B,8,19,19,9,4
930,Isidor,Spinke,Male,ispinkept@nyu.edu,C,10,9,15,10,19
931,Jedediah,Sowley,Agender,jsowleypu@mapy.cz,D,2,14,20,10,17
932,Flor,Hanning,Female,fhanningpv@netvibes.com,B,16,2,8,12,17
933,Melita,Ladley,Female,mladleypw@senate.gov,F,12,10,4,7,10
934,Alanson,Shirley,Male,ashirleypx@webnode.com,F,19,1,20,13,8
935,Simonne,Caudelier,Female,scaudelierpy@sciencedaily.com,D,10,15,1,14,14
936,Nike,Escot,Female,nescotpz@jugem.jp,C,8,20,5,12,6
937,Brion,Axtens,Male,baxtensq0@scientificamerican.com,A,2,2,7,2,13
938,Garnet,Blyth,Female,gblythq1@columbia.edu,B,1,5,14,4,8
939,Sybila,Paddington,Female,spaddingtonq2@google.co.uk,B,1,17,9,7,13
940,Thedrick,Langhorne,Male,tlanghorneq3@gravatar.com,B,9,19,18,10,12
941,Sollie,Lergan,Male,slerganq4@ucsd.edu,B,17,17,16,18,17
942,Conney,Iles,Male,cilesq5@wikispaces.com,B,1,20,11,2,13
943,Louis,Jerche,Male,ljercheq6@dot.gov,E,16,17,20,19,15
944,Isidro,Churm,Male,ichurmq7@ca.gov,B,19,7,16,18,16
945,Jeanelle,Garnsey,Female,jgarnseyq8@360.cn,B,12,13,12,10,8
946,Hinze,Pheazey,Male,hpheazeyq9@weibo.com,C,18,18,10,12,18
947,Garnette,Branchet,Female,gbranchetqa@cocolog-nifty.com,B,17,4,7,10,1
948,Alexi,Nesby,Female,anesbyqb@rediff.com,C,11,14,4,19,1
949,Flora,Barabich,Female,fbarabichqc@japanpost.jp,B,15,13,16,10,10
950,Marice,Mossbee,Female,mmossbeeqd@samsung.com,F,16,17,1,6,14
951,Antonia,Souza,Female,asouzaqe@dmoz.org,D,4,8,17,12,20
952,Lorant,Cutts,Male,lcuttsqf@de.vu,A,2,9,4,9,2
953,Dorey,Curson,Genderqueer,dcursonqg@mozilla.com,B,10,4,12,14,20
954,Chane,Blindermann,Genderfluid,cblindermannqh@telegraph.co.uk,A,12,16,5,3,20
955,Darnall,Houndsom,Male,dhoundsomqi@ted.com,B,10,12,13,8,4
956,Tabb,Mixhel,Male,tmixhelqj@umn.edu,D,13,2,13,15,17
957,Valentina,Griffiths,Female,vgriffithsqk@qq.com,B,11,9,20,3,4
958,Ursulina,Riggulsford,Female,uriggulsfordql@nasa.gov,C,7,5,1,10,10
959,Belvia,Raeburn,Female,braeburnqm@wordpress.org,A,14,15,13,4,11
960,Armin,Larn,Male,alarnqn@slideshare.net,F,18,9,7,6,19
961,Randal,Brocking,Male,rbrockingqo@hhs.gov,C,16,6,6,1,14
962,Fremont,Bulfit,Male,fbulfitqp@php.net,C,5,12,15,14,5
963,Thorpe,Engall,Male,tengallqq@statcounter.com,B,3,17,17,7,9
964,Benedetto,Phateplace,Male,bphateplaceqr@github.io,E,3,16,5,5,1
965,Katheryn,Bulcock,Female,kbulcockqs@patch.com,F,13,14,19,18,18
966,Blanca,Braybrooke,Female,bbraybrookeqt@sourceforge.net,F,11,6,15,10,1
967,Carena,Santus,Female,csantusqu@odnoklassniki.ru,B,8,19,3,8,12
968,Aubrey,Doughill,Agender,adoughillqv@soundcloud.com,C,17,8,3,13,6
969,Dorelia,Olliffe,Female,dolliffeqw@smh.com.au,C,12,7,4,7,14
970,Worden,Izchaki,Male,wizchakiqx@google.ca,C,2,7,4,16,4
971,Timmie,Cancelier,Genderqueer,tcancelierqy@163.com,E,10,8,9,8,16
972,Deane,Boulsher,Male,dboulsherqz@hc360.com,F,16,20,3,12,4
973,Shaun,Dunderdale,Male,sdunderdaler0@gov.uk,D,1,6,14,6,8
974,Zachariah,Foster,Male,zfosterr1@youku.com,E,16,9,8,1,6
975,Rennie,Leedal,Polygender,rleedalr2@admin.ch,B,19,4,3,18,1
976,Torrey,Kareman,Male,tkaremanr3@twitpic.com,B,11,1,1,4,9
977,Ivory,Frays,Non-binary,ifraysr4@sun.com,E,18,20,13,16,10
978,Georgiana,Rumgay,Female,grumgayr5@php.net,B,17,14,20,15,2
979,Herby,Claypool,Male,hclaypoolr6@topsy.com,E,8,9,6,10,14
980,Corbett,O'Calleran,Male,cocalleranr7@desdev.cn,A,10,15,14,7,19
981,Lalo,Hookes,Male,lhookesr8@yahoo.com,A,1,3,3,14,13
982,Barbi,Hurll,Female,bhurllr9@walmart.com,B,20,2,20,19,9
983,Caro,Edgecombe,Female,cedgecombera@ow.ly,F,1,6,9,14,6
984,Sibilla,Loveguard,Female,sloveguardrb@theguardian.com,C,1,12,1,20,9
985,Quillan,Carnaman,Male,qcarnamanrc@photobucket.com,C,14,20,16,20,18
986,Demetria,Ragdale,Female,dragdalerd@europa.eu,C,19,20,9,16,20
987,Luelle,Ciabatteri,Female,lciabatterire@salon.com,E,1,17,4,12,11
988,Elnore,Vasiltsov,Female,evasiltsovrf@gov.uk,B,6,18,14,6,2
989,Sandra,Mushett,Female,smushettrg@pagesperso-orange.fr,D,12,11,10,7,4
990,Nonah,Magrannell,Female,nmagrannellrh@yelp.com,A,13,11,5,19,9
991,Stella,Hempel,Non-binary,shempelri@cmu.edu,E,5,9,1,9,11
992,Dido,Dugdale,Female,ddugdalerj@squarespace.com,A,15,1,19,18,5
993,Leroy,Fraczek,Male,lfraczekrk@1und1.de,C,6,19,13,12,17
994,Charlton,Edser,Male,cedserrl@ebay.co.uk,D,13,20,20,6,17
995,Ferrell,Kenworth,Polygender,fkenworthrm@buzzfeed.com,C,13,14,12,7,12
996,Cecilia,Ramlot,Female,cramlotrn@fema.gov,E,16,13,8,19,10
997,Lynsey,Haddy,Female,lhaddyro@apple.com,A,7,17,2,8,11
998,Wells,Praton,Male,wpratonrp@vinaora.com,C,17,9,11,5,8
999,Junina,Bulbrook,Female,jbulbrookrq@uiuc.edu,B,8,17,10,15,12
1000,Jana,Forsdyke,Female,jforsdykerr@ehow.com,B,20,8,16,11,9
